true\pred,0,1,2,3,4,5,6,7,8,9,A,B,C/c,D,E,F,G,H,I/i,J/j,K/k,L/l,M/m,N,O/o,P/p,Q,R,S/s,T,U/u,V/v,W/w,X/x,Y/y,Z/z,a,b,d,e,f,g,h,n,q,r,t
0,285,0,0,0,0,0,1,0,0,0,0,0,0,12,0,0,0,0,0,1,0,0,0,0,97,0,1,0,0,0,1,0,0,0,0,0,1,0,0,0,0,0,0,1,0,0,0
1,0,213,0,0,0,0,0,0,0,0,0,0,0,0,0,0,0,0,63,2,0,121,0,0,0,0,0,0,0,0,0,0,0,0,0,1,0,0,0,0,0,0,0,0,0,0,0
2,0,0,325,0,0,0,0,1,1,0,0,0,0,0,0,0,0,0,0,1,0,2,0,0,0,0,0,0,0,0,0,0,0,0,0,58,5,0,2,0,0,3,0,0,2,0,0
3,0,0,0,393,0,0,0,0,0,1,0,0,0,0,0,0,0,0,0,1,0,0,0,0,0,0,0,0,1,0,0,0,0,0,0,3,0,0,0,1,0,0,0,0,0,0,0
4,0,0,0,0,371,0,0,0,0,0,2,0,0,1,0,0,0,1,0,0,0,0,0,1,0,0,0,0,0,0,2,0,0,1,12,0,1,0,1,0,1,0,1,1,2,0,2
5,0,0,0,0,0,363,0,0,0,0,0,0,0,0,0,0,0,0,1,1,0,0,0,0,0,0,1,0,29,0,0,0,0,1,1,0,0,0,0,0,0,1,0,0,1,0,1
6,0,0,0,0,0,1,375,0,0,0,0,0,1,0,0,0,7,0,0,0,0,2,0,0,0,0,0,0,0,0,0,0,0,0,0,0,0,13,0,0,0,0,1,0,0,0,0
7,0,0,1,1,0,0,0,390,0,3,0,0,0,0,0,0,0,0,0,0,0,0,0,0,0,0,0,0,0,2,0,0,0,0,1,1,0,0,0,0,0,0,0,0,0,0,1
8,0,0,0,0,0,0,0,0,377,0,0,3,0,1,0,0,1,0,0,0,0,0,0,0,0,2,2,0,0,0,0,0,0,0,1,0,0,0,1,0,0,4,0,0,8,0,0
9,0,0,0,0,2,0,0,2,0,343,0,0,0,0,0,0,0,0,0,0,0,0,0,0,0,0,1,0,0,0,0,0,0,0,1,0,1,0,0,0,0,12,0,1,37,0,0
A,0,0,0,0,2,0,0,0,0,0,382,0,0,0,0,0,2,4,0,0,0,0,2,0,0,1,0,0,0,1,0,0,0,0,0,0,0,1,1,0,0,0,2,0,1,1,0
B,0,0,0,0,0,0,0,0,6,0,1,376,0,1,1,0,1,0,0,0,2,0,0,0,0,0,0,6,0,0,0,0,0,0,0,1,0,3,0,1,0,0,0,0,1,0,0
C/c,0,0,0,0,0,0,3,0,0,0,0,0,379,0,0,0,1,0,0,0,0,3,0,0,1,0,0,0,0,0,0,0,0,0,0,0,4,0,2,6,0,0,0,0,0,1,0
D,13,0,0,1,0,0,0,0,0,0,0,1,0,371,0,0,0,0,0,0,0,0,1,0,7,2,0,0,0,0,0,2,0,0,0,0,1,0,1,0,0,0,0,0,0,0,0
E,0,0,0,0,0,2,0,0,0,0,0,0,0,0,393,2,1,0,0,0,0,0,0,0,0,0,0,0,0,0,0,0,0,0,0,0,0,0,0,0,1,0,0,0,1,0,0
F,0,0,0,0,0,1,0,1,1,0,0,0,1,0,0,228,0,0,0,0,0,0,0,0,0,1,0,0,0,1,0,0,0,0,0,0,0,0,1,0,162,0,0,0,0,2,1
G,0,0,0,0,0,0,10,0,0,2,0,2,3,0,1,1,376,0,0,0,1,0,0,0,0,0,0,0,0,0,0,0,0,0,1,0,0,1,0,0,2,0,0,0,0,0,0
H,0,0,0,0,5,0,0,0,0,0,1,0,0,0,0,0,0,384,0,1,0,0,2,2,0,0,0,0,0,0,0,0,0,0,1,0,0,0,0,0,0,0,1,3,0,0,0
I/i,0,54,1,0,0,0,0,0,0,0,0,0,0,0,1,0,0,0,275,4,0,57,0,0,0,0,0,0,1,1,0,0,0,0,0,2,0,0,0,0,1,0,0,0,0,2,1
J/j,0,0,0,3,0,1,0,0,0,0,0,0,0,1,0,0,0,0,10,362,0,1,0,0,0,0,0,0,3,2,3,4,0,0,0,1,0,1,5,0,0,1,0,0,0,0,2
K/k,0,0,0,0,0,0,0,0,0,0,0,0,1,0,1,0,0,0,0,0,378,0,0,0,0,0,0,5,0,0,0,0,1,3,0,0,1,1,0,0,0,0,7,0,0,1,1
L/l,0,77,0,0,0,0,0,0,0,0,0,0,1,0,0,1,0,0,61,0,0,255,0,0,0,0,0,0,0,0,0,0,0,0,0,0,0,1,0,0,2,0,2,0,0,0,0
M/m,0,0,0,0,0,0,0,0,0,0,1,0,0,0,0,0,0,2,0,0,1,0,390,1,0,0,0,0,0,0,0,1,1,0,0,0,0,0,0,0,0,0,0,3,0,0,0
N,0,0,0,0,0,0,0,0,0,0,0,0,0,0,0,0,0,2,0,0,0,0,0,389,0,0,0,0,0,0,0,3,1,1,0,0,0,0,0,0,0,0,0,4,0,0,0
O/o,118,0,0,0,0,1,0,0,0,0,0,0,2,10,0,0,0,0,1,0,0,0,0,0,262,0,0,0,0,0,4,0,0,0,0,0,0,1,0,0,0,0,0,0,0,1,0
P/p,0,0,0,0,0,0,0,0,0,0,1,0,0,9,0,2,0,0,0,0,0,0,0,0,0,379,0,1,0,2,0,0,0,0,0,0,0,1,0,0,0,0,0,1,0,4,0
Q,4,0,1,0,0,0,0,0,0,1,0,2,0,2,0,0,2,0,0,0,0,0,0,1,1,1,366,0,0,0,2,0,0,0,0,0,12,0,0,0,0,1,0,0,4,0,0
R,0,0,0,0,0,0,0,0,0,0,2,1,0,0,0,1,0,0,0,0,0,0,0,0,0,0,1,389,0,0,0,0,0,0,0,0,0,0,0,3,0,0,0,1,1,1,0
S/s,0,0,0,0,0,22,0,0,1,1,0,0,0,0,0,0,1,0,1,1,0,0,0,1,0,0,0,0,367,0,0,0,0,0,0,0,1,0,0,0,0,3,0,1,0,0,0
T,0,0,0,0,0,0,0,4,0,0,0,0,0,0,0,0,0,0,0,0,0,0,0,0,0,0,0,0,1,377,0,0,0,0,1,0,0,0,0,0,0,0,0,0,0,4,13
U/u,0,0,0,0,5,0,0,0,1,0,0,0,0,0,0,0,0,0,0,0,1,0,1,0,0,0,0,0,1,0,372,13,2,0,0,0,1,0,0,0,0,0,0,3,0,0,0
V/v,0,0,0,0,0,0,0,0,0,0,0,0,0,0,0,0,0,0,0,1,0,0,0,2,0,0,0,0,0,0,9,377,1,0,4,0,0,0,0,0,0,0,0,1,0,5,0
W/w,0,0,0,0,0,0,0,0,0,0,0,0,0,0,0,0,0,0,0,1,1,0,0,1,0,0,1,0,0,0,1,1,393,0,0,0,0,1,0,0,0,0,0,0,0,0,0
X/x,0,0,0,0,1,0,0,0,0,0,1,0,0,0,0,0,0,1,0,0,3,0,0,2,0,0,2,0,1,0,0,2,1,376,5,1,0,0,0,0,0,0,1,1,0,1,1
Y/y,0,0,0,0,13,0,0,2,0,1,0,0,0,0,0,0,0,2,0,1,1,2,2,0,0,1,0,0,1,0,2,7,0,3,357,1,0,0,0,0,0,0,0,0,0,4,0
Z/z,0,0,9,1,0,0,0,1,0,0,0,0,0,0,2,0,0,1,0,0,0,1,0,0,0,0,0,0,0,0,1,0,0,0,0,382,0,0,0,0,0,0,0,0,1,0,1
a,2,0,9,1,0,0,0,0,1,0,5,0,0,1,0,0,1,0,0,0,0,0,0,0,2,0,4,1,0,0,2,0,0,0,0,1,357,0,0,0,0,4,0,2,6,0,1
b,1,0,0,0,0,1,16,0,0,0,1,5,0,2,0,0,0,0,0,0,0,1,0,0,0,0,0,0,0,0,0,0,0,1,0,2,0,364,0,1,0,0,3,1,0,0,1
d,1,0,0,0,0,0,0,0,0,0,0,0,0,7,0,0,0,0,0,1,0,1,0,1,0,0,1,0,0,0,0,0,0,1,0,0,5,0,382,0,0,0,0,0,0,0,0
e,0,0,0,0,0,0,0,0,0,0,0,0,7,0,2,0,0,0,0,0,0,0,0,0,1,0,0,3,0,0,0,0,0,0,0,0,0,0,0,385,1,0,1,0,0,0,0
f,0,0,0,0,0,0,0,1,0,0,0,0,1,0,1,88,0,0,0,1,0,0,0,0,0,6,0,0,2,1,0,0,0,0,1,1,0,0,0,1,280,2,0,0,0,1,13
g,0,0,0,5,2,2,0,2,18,61,1,1,0,0,0,0,11,0,0,2,0,0,0,0,1,0,7,1,1,0,1,0,0,0,3,0,9,0,0,0,1,217,0,1,53,0,0
h,0,0,0,0,1,0,1,0,0,0,1,0,0,0,0,0,0,2,0,0,0,8,0,0,0,0,0,0,0,1,1,0,0,1,0,0,0,4,0,0,1,0,370,9,0,0,0
n,0,0,0,0,0,0,0,0,0,0,0,0,0,0,0,0,0,0,0,0,0,0,4,13,0,0,0,1,0,0,1,0,0,2,0,0,1,0,0,0,0,0,4,373,0,1,0
q,1,0,0,0,1,0,0,0,8,116,0,1,0,1,0,0,2,0,0,0,0,0,0,0,1,1,13,0,0,0,0,0,0,0,0,2,11,0,0,0,0,16,0,0,225,0,1
r,0,0,0,0,0,0,0,0,0,0,0,0,0,0,0,1,0,1,1,0,0,0,0,1,0,0,0,9,0,0,0,1,0,1,0,0,0,0,0,0,0,0,1,1,0,382,1
t,0,0,0,0,3,0,0,1,0,0,0,0,2,1,3,0,0,0,2,0,0,1,0,0,0,0,0,0,0,18,0,0,0,0,2,3,0,0,0,1,4,0,0,0,0,5,354
